"Респект № 26-2 ПГ 550 укороченное шпон темный дуб (-/2)","4603636008790"
"Респект № 26-2 ПГ 600 укороченное шпон темный дуб (-/2)","4603636008769"
"Респект № 26-2 ПГ 600 шпон темный дуб (-/2)","4603636008691"
"Респект № 26-2 ПГ 700 шпон темный дуб (-/2)","4603636008684"
"Респект № 26-2 ПГ 800 шпон темный дуб (-/2)","4603636008677"
"Респект № 26-2 ПГ 900 шпон темный дуб (-/2)","4603636008646"
"Респект № 26-2 ПО 600 шпон темный дуб (2/2)","4603636008615"
"Респект № 26-2 ПО 700 шпон темный дуб (2/2)","4603636008554"
"Респект № 26-2 ПО 800 шпон темный дуб (2/2)","4603636008530"
"Респект № 26-2 ПО 900 шпон темный дуб (2/2)","4603636008523"
"Респект № 26-2 ПО ст. 600 шпон темный дуб (2/2)","4603636013411"
"Респект № 26-2 ПО ст. 800 шпон темный дуб (2/2)","4603636013435"
